name,imageUrl,area,profileUrl,office,tags,isLoggedUser,positionName,id,parentId,size
Ihsaan Aslam,ihsaanaslam.png,Rocket Works,http://example.com/employee/profile,CTO office,"Ceo,tag1,manager,cto",FALSE,Founder,O-6066,,
Davolio Nancy,davolionancy.png,Rocket Works,http://example.com/employee/profile,CEO office,"Ceo,tag1, tag2",FALSE,CTO ,O-6067,O-6066,
Leverling Janet,leverlingjanet.png,Rocket Works,http://example.com/employee/profile,CEO office,"Ceo,tag1, tag2",FALSE,CTO ,O-6068,O-6066,
Leverling Janet,leverlingjanet.png,Rocket Works,http://example.com/employee/profile,CEO office,"Ceo,tag1, tag2",FALSE,CTO ,O-6069,O-6066,
Leverling Janet,leverlingjanet.png,Rocket Works,http://example.com/employee/profile,CEO office,"Ceo,tag1, tag2",FALSE,CTO ,O-6070,O-6066,
Leverling Janet,leverlingjanet.png,Rocket Works,http://example.com/employee/profile,CEO office,"Ceo,tag1, tag2",FALSE,CTO ,O-6071,O-6067,
Fuller Andrew,fullerandrew.png,Rocket Works,http://example.com/employee/profile,CEO office,"Ceo,tag1, tag2",FALSE,Linear Manager,O-6072,O-6067,
Peacock Margaret,peacockmargaret.png,Rocket Works,http://example.com/employee/profile,CEO office,"Ceo,tag1, tag2",FALSE,CEO,O-6073,O-6067,
Buchanan Steven,buchanansteven.png,Rocket Works,http://example.com/employee/profile,CEO office,"Ceo,tag1, tag2",FALSE,Head of direction,O-6074,O-6067,
Suyama Michael,suyamamichael.png,Rocket Works,http://example.com/employee/profile,CEO office,"Ceo,tag1, tag2",FALSE,Senior sales manager,O-6075,O-6067,
King Robert,kingrobert.png,Rocket Works,http://example.com/employee/profile,CEO office,"Ceo,tag1, tag2",FALSE,Senior Sales Manager,O-6076,O-6067,
West Adam,westadam.png,Rocket Works,http://example.com/employee/profile,CEO office,"Ceo,tag1, tag2",FALSE,CTO,O-6077,O-6067,
Charlotte Cooper,charlottecooper.png,Rocket Works,http://example.com/employee/profile,CEO office,"Ceo,tag1, tag2",FALSE,Senior Trader,O-6078,O-6067,
Yoshi Nagase,yoshinagase.png,Rocket Works,http://example.com/employee/profile,CEO office,"Ceo,tag1, tag2",FALSE,Head of laboratory,O-6079,O-6067,
Peter Wilson,peterwilson.png,Rocket Works,http://example.com/employee/profile,CEO office,"Ceo,tag1, tag2",FALSE,Head of channels,O-6080,O-6068,
Carlos Diaz,carlosdiaz.png,Rocket Works,http://example.com/employee/profile,CEO office,"Ceo,tag1, tag2",FALSE,Senior Android Developer,O-6081,O-6068,
Sven Petersen,svenpetersen.png,Rocket Works,http://example.com/employee/profile,CEO office,"Ceo,tag1, tag2",FALSE,Senior Developer,O-6082,O-6068,
Peter Wilson,peterwilson.png,Rocket Works,http://example.com/employee/profile,CEO office,"Ceo,tag1, tag2",FALSE,Head of channels,O-6083,O-6069,
Carlos Diaz,carlosdiaz.png,Rocket Works,http://example.com/employee/profile,CEO office,"Ceo,tag1, tag2",FALSE,Senior Android Developer,O-6084,O-6069,
Sven Petersen,svenpetersen.png,Rocket Works,http://example.com/employee/profile,CEO office,"Ceo,tag1, tag2",FALSE,Senior Developer,O-6085,O-6069,
Peter Wilson,peterwilson.png,Rocket Works,http://example.com/employee/profile,CEO office,"Ceo,tag1, tag2",FALSE,Head of channels,O-6086,O-6070,
Carlos Diaz,carlosdiaz.png,Rocket Works,http://example.com/employee/profile,CEO office,"Ceo,tag1, tag2",FALSE,Senior Android Developer,O-6087,O-6070,